"gene","process","group","species","taxa","polytomy","paraphyly","MCI","MCI.ci","nCID","nCID.ci","seq.identity","info.sites"
"CWC22","somatic sex","sex determination",84,41,0.384615384615385,0.0487804878048781,9.79101971990181,2.18648469830083,0.348222084569249,0.854583306771356,0.373657334332523,0.888805970149254
"Masc","somatic sex","sex determination",10,4,0,0,1,1,0,0,0.215481399606364,0.733674775928297
"PSI","somatic sex","sex determination",90,41,0.5,0,8.1204523720917,1.80823005383302,0.414828392993914,0.869696312723325,0.342095245927732,0.904196357878068
"sisa","somatic sex","sex determination",11,5,0.5,0,0.419973094021975,0.970950594454668,0.711641288155792,0.333333333333333,0.255800950009233,0.3710407239819
"stil","germline sex","sex determination",13,6,0.5,0.333333333333333,0.711607159413625,1.25162916738782,0.649044755695992,0.473539945238102,0.203873330426849,0.857509627727856
"upd","somatic sex","sex determination",12,6,0,0,1.96240625180289,1.96240625180289,0.308181620264318,0.308181620264318,0.33851596610391,0.478723404255319
